{
  "project_info": {
    "project_number": "1075444702585",
    "firebase_url": "https://chatap-3285f.firebaseio.com",
    "project_id": "chatap-3285f",
    "storage_bucket": "chatap-3285f.appspot.com"
  },
  "client": [
    {
      "client_info": {
        "mobilesdk_app_id": "1:1075444702585:android:163dd25643a85f0d15a3a8",
        "android_client_info": {
          "package_name": "com.jagan.chatap"
        }
      },
      "oauth_client": [
        {
          "client_id": "1075444702585-ijimqi05otj610cnpgok4shaimsbvvqg.apps.googleusercontent.com",
          "client_type": 1,
          "android_info": {
            "package_name": "com.jagan.chatap",
            "certificate_hash": "23b8ac2167987a312ae2b9453e662d8e28401f22"
          }
        },
        {
          "client_id": "1075444702585-orvdcgg4bfu16448pdricuatefufcoo8.apps.googleusercontent.com",
          "client_type": 3
        }
      ],
      "api_key": [
        {
          "current_key": "AIzaSyDMuwh2pLaUAC33YvPZTr2Jysq--Dh5yeE"
        }
      ],
      "services": {
        "appinvite_service": {
          "other_platform_oauth_client": [
            {
              "client_id": "1075444702585-orvdcgg4bfu16448pdricuatefufcoo8.apps.googleusercontent.com",
              "client_type": 3
            },
            {
              "client_id": "1075444702585-r61heb559ssgivfg5c6indraa5np7miq.apps.googleusercontent.com",
              "client_type": 2,
              "ios_info": {
                "bundle_id": "com.jagan.chatap"
              }
            }
          ]
        }
      }
    }
  ],
  "configuration_version": "1"
}